Model,RMSE,R^2 Score,Accuracy
Linear Regression,593.2257019066986,-0.01700355866153469,
Decision Tree,855.1219971442671,-1.1131908015070708,
Random Forest,621.8057745031804,-0.11735726372963051,
Gradient Boosting,609.695323177347,-0.07425722239816679,
SVR,588.4236152648417,-0.0006051707827330333,
Logistic Regression,,,0.495
