,precision,recall,f1-score,support
0,0.6067415730337079,0.7105263157894737,0.6545454545454547,76.0
1,0.639344262295082,0.527027027027027,0.5777777777777778,74.0
accuracy,0.62,0.62,0.62,0.62
macro avg,0.623042917664395,0.6187766714082503,0.6161616161616162,150.0
weighted avg,0.6228255664026524,0.62,0.6166734006734007,150.0
