,precision,recall,f1-score,support
0,0.7236842105263158,0.7236842105263158,0.7236842105263158,76.0
1,0.7162162162162162,0.7162162162162162,0.7162162162162162,74.0
accuracy,0.72,0.72,0.72,0.72
macro avg,0.7199502133712661,0.7199502133712661,0.7199502133712661,150.0
weighted avg,0.72,0.72,0.72,150.0
