Model,Accuracy
Logistic Regression,0.90923704711265
Random Forest,0.909329788549524
Gradient Boosting,0.90923704711265
AdaBoost,0.90923704711265
Decision Tree,0.9092679609249412
k-NN,0.9045999752689502
XGBoost,0.9092061333003586
CatBoost,0.9092679609249412
LightGBM,0.90923704711265
Extra Trees,0.9092679609249412
