iter	Logloss
0	0.4313659457
1	0.2683114674
2	0.2249736065
3	0.1990389924
4	0.1831884164
